앨범명,곡명,가수,URL
I am A Dreamer,숨,박효신,http://www.melon.com/song/detail.htm?songId=30011624
야생화,야생화,박효신,http://www.melon.com/song/detail.htm?songId=4543502
해줄수 없는일,해줄 수 없는 일,박효신,http://www.melon.com/song/detail.htm?songId=85707
미안하다 사랑한다 OST,눈의 꽃,박효신,http://www.melon.com/song/detail.htm?songId=623902
Time Honored Voice,좋은사람,박효신,http://www.melon.com/song/detail.htm?songId=430228
Neo Classicism,기억속의 먼 그대에게,박효신,http://www.melon.com/song/detail.htm?songId=851429
The Breeze Of Sea,추억은 사랑을 닮아,박효신,http://www.melon.com/song/detail.htm?songId=1560045
Gift E.C.H.O,사랑한 후에,박효신,http://www.melon.com/song/detail.htm?songId=3743329
Second Story,동경,박효신,http://www.melon.com/song/detail.htm?songId=10837
I am A Dreamer,Home,박효신,http://www.melon.com/song/detail.htm?songId=30017602
해줄수 없는일,바보,박효신,http://www.melon.com/song/detail.htm?songId=85108
Gift E.C.H.O,Gift,박효신,http://www.melon.com/song/detail.htm?songId=3743328
I am A Dreamer,Beautiful Tomorrow,박효신,http://www.melon.com/song/detail.htm?songId=30017605
The Breeze Of Sea,그립고... 그리운...,박효신,http://www.melon.com/song/detail.htm?songId=1560051
Gift E.C.H.O,널 사랑한다,박효신,http://www.melon.com/song/detail.htm?songId=3743340
